city,city_ascii,lat,lng,country,iso2,iso3,admin_name,capital,population,id
Tokyo,Tokyo,35.6850,139.7514,Japan,JP,JPN,Tōkyō,primary,35676000,1392685764
"New York","New York",40.6943,-73.9249,"United States",US,USA,"New York",,19354922.0,1840034016
"Mexico City","Mexico City",19.4424,-99.1310,Mexico,MX,MEX,"Ciudad de México",primary,19028000,1484247881
Mumbai,Mumbai,19.0170,72.8570,India,IN,IND,Mahārāshtra,admin,18978000,1356226629
"São Paulo","Sao Paulo",-23.5587,-46.6250,Brazil,BR,BRA,"São Paulo",admin,18845000,1076532519
Delhi,Delhi,28.6700,77.2300,India,IN,IND,Delhi,admin,15926000,1356872604
Shanghai,Shanghai,31.2165,121.4365,China,CN,CHN,Shanghai,admin,14987000,1156073548
Kolkata,Kolkata,22.4950,88.3247,India,IN,IND,"West Bengal",admin,14787000,1356060520
"Los Angeles","Los Angeles",34.1139,-118.4068,"United States",US,USA,California,,12815475.0,1840020491
Dhaka,Dhaka,23.7231,90.4086,Bangladesh,BD,BGD,Dhaka,primary,12797394,1050529279
"Buenos Aires","Buenos Aires",-34.6025,-58.3975,Argentina,AR,ARG,"Buenos Aires, Ciudad Autónoma de",primary,12795000,1032717330
Karachi,Karachi,24.8700,66.9900,Pakistan,PK,PAK,Sindh,admin,12130000,1586129469
Cairo,Cairo,30.0500,31.2500,Egypt,EG,EGY,"Al Qāhirah",primary,11893000,1818253931
"Rio de Janeiro","Rio de Janeiro",-22.9250,-43.2250,Brazil,BR,BRA,"Rio de Janeiro",admin,11748000,1076887657
city,city_ascii,lat,lng,country,iso2,iso3,admin_name,capital,population,id
Tokyo,Tokyo,35.6850,139.7514,Japan,JP,JPN,Tōkyō,primary,35676000,1392685764
"New York","New York",40.6943,-73.9249,"United States",US,USA,"New York",,19354922.0,1840034016
"Mexico City","Mexico City",19.4424,-99.1310,Mexico,MX,MEX,"Ciudad de México",primary,19028000,1484247881
Mumbai,Mumbai,19.0170,72.8570,India,IN,IND,Mahārāshtra,admin,18978000,1356226629
"São Paulo","Sao Paulo",-23.5587,-46.6250,Brazil,BR,BRA,"São Paulo",admin,18845000,1076532519
Delhi,Delhi,28.6700,77.2300,India,IN,IND,Delhi,admin,15926000,1356872604
Shanghai,Shanghai,31.2165,121.4365,China,CN,CHN,Shanghai,admin,14987000,1156073548
Kolkata,Kolkata,22.4950,88.3247,India,IN,IND,"West Bengal",admin,14787000,1356060520
"Los Angeles","Los Angeles",34.1139,-118.4068,"United States",US,USA,California,,12815475.0,1840020491
Dhaka,Dhaka,23.7231,90.4086,Bangladesh,BD,BGD,Dhaka,primary,12797394,1050529279
"Buenos Aires","Buenos Aires",-34.6025,-58.3975,Argentina,AR,ARG,"Buenos Aires, Ciudad Autónoma de",primary,12795000,1032717330
Karachi,Karachi,24.8700,66.9900,Pakistan,PK,PAK,Sindh,admin,12130000,1586129469
Cairo,Cairo,30.0500,31.2500,Egypt,EG,EGY,"Al Qāhirah",primary,11893000,1818253931
"Rio de Janeiro","Rio de Janeiro",-22.9250,-43.2250,Brazil,BR,BRA,"Rio de Janeiro",admin,11748000,1076887657
Ōsaka,Osaka,34.7500,135.4601,Japan,JP,JPN,Ōsaka,admin,11294000,1392419823
Beijing,Beijing,39.9289,116.3883,China,CN,CHN,Beijing,primary,11106000,1156228865
Manila,Manila,14.6042,120.9822,Philippines,PH,PHL,Manila,primary,11100000,1608618140
Moscow,Moscow,55.7522,37.6155,Russia,RU,RUS,Moskva,primary,10452000,1643318494
Istanbul,Istanbul,41.1050,29.0100,Turkey,TR,TUR,İstanbul,admin,10061000,1792756324
Paris,Paris,48.8667,2.3333,France,FR,FRA,Île-de-France,primary,9904000,1250015082
Seoul,Seoul,37.5663,126.9997,"Korea, South",KR,KOR,Seoul,primary,9796000,1410836482
Lagos,Lagos,6.4433,3.3915,Nigeria,NG,NGA,Lagos,minor,9466000,1566593751
Jakarta,Jakarta,-6.1744,106.8294,Indonesia,ID,IDN,Jakarta,primary,9125000,1360771077
Guangzhou,Guangzhou,23.1450,113.3250,China,CN,CHN,Guangdong,admin,8829000,1156237133
Chicago,Chicago,41.8373,-87.6862,"United States",US,USA,Illinois,,8675982.0,1840000494
London,London,51.5000,-0.1167,"United Kingdom",GB,GBR,"London, City of",primary,8567000,1826645935
Lima,Lima,-12.0480,-77.0501,Peru,PE,PER,Lima,primary,8012000,1604728603
Tehran,Tehran,35.6719,51.4243,Iran,IR,IRN,Tehrān,primary,7873000,1364305026
Kinshasa,Kinshasa,-4.3297,15.3150,"Congo (Kinshasa)",CD,COD,Kinshasa,primary,7843000,1180000363
Bogotá,Bogota,4.5964,-74.0833,Colombia,CO,COL,Bogotá,primary,7772000,1170483426
Shenzhen,Shenzhen,22.5524,114.1221,China,CN,CHN,Guangdong,minor,7581000,1156158707
Wuhan,Wuhan,30.5800,114.2700,China,CN,CHN,Hubei,admin,7243000,1156117184
"Hong Kong","Hong Kong",22.3050,114.1850,"Hong Kong",HK,HKG,,,7206000,1344982653
Tianjin,Tianjin,39.1300,117.2000,China,CN,CHN,Tianjin,admin,7180000,1156174046
Chennai,Chennai,13.0900,80.2800,India,IN,IND,"Tamil Nādu ",admin,7163000,1356374944
Taipei,Taipei,25.0358,121.5683,Taiwan,TW,TWN,Taipei,primary,6900273,1158881289
Bengalūru,Bengaluru,12.9700,77.5600,India,IN,IND,Karnātaka,admin,6787000,1356410365
Bangkok,Bangkok,13.7500,100.5166,Thailand,TH,THA,"Krung Thep Maha Nakhon",primary,6704000,1764068610
Lahore,Lahore,31.5600,74.3500,Pakistan,PK,PAK,Punjab,admin,6577000,1586801463
Chongqing,Chongqing,29.5650,106.5950,China,CN,CHN,Chongqing,admin,6461000,1156936556
Miami,Miami,25.7839,-80.2102,"United States",US,USA,Florida,,6381966.0,1840015149
Hyderabad,Hyderabad,17.4000,78.4800,India,IN,IND,Telangana,admin,6376000,1356871768
Dallas,Dallas,32.7936,-96.7662,"United States",US,USA,Texas,,5733259.0,1840019440
Santiago,Santiago,-33.4500,-70.6670,Chile,CL,CHL,"Región Metropolitana",primary,5720000,1152554349
Philadelphia,Philadelphia,40.0077,-75.1339,"United States",US,USA,Pennsylvania,,5637884.0,1840000673
"Belo Horizonte","Belo Horizonte",-19.9150,-43.9150,Brazil,BR,BRA,"Minas Gerais",admin,5575000,1076967355
Madrid,Madrid,40.4000,-3.6834,Spain,ES,ESP,Madrid,primary,5567000,1724616994
Houston,Houston,29.7869,-95.3905,"United States",US,USA,Texas,,5446468.0,1840020925
Ahmadābād,Ahmadabad,23.0301,72.5800,India,IN,IND,Gujarāt,minor,5375000,1356304381
"Ho Chi Minh City","Ho Chi Minh City",10.7800,106.6950,Vietnam,VN,VNM,"Hồ Chí Minh",admin,5314000,1704774326
Washington,Washington,38.9047,-77.0163,"United States",US,USA,"District of Columbia",primary,5289420.0,1840006060
Atlanta,Atlanta,33.7627,-84.4225,"United States",US,USA,Georgia,admin,5228750.0,1840013660
Toronto,Toronto,43.7000,-79.4200,Canada,CA,CAN,Ontario,admin,5213000,1124279679
Singapore,Singapore,1.2930,103.8558,Singapore,SG,SGP,,primary,5183700,1702341327
Luanda,Luanda,-8.8383,13.2344,Angola,AO,AGO,Luanda,primary,5172900,1024949724
Baghdad,Baghdad,33.3386,44.3939,Iraq,IQ,IRQ,Baghdād,primary,5054000,1368596238
Barcelona,Barcelona,41.3833,2.1834,Spain,ES,ESP,Catalonia,admin,4920000,1724594040
Hāora,Haora,22.5804,88.3299,India,IN,IND,"West Bengal",,4841638,1356986516
Shenyang,Shenyang,41.8050,123.4500,China,CN,CHN,Liaoning,admin,4787000,1156309382
Khartoum,Khartoum,15.5881,32.5342,Sudan,SD,SDN,Khartoum,primary,4754000,1729268475
Pune,Pune,18.5300,73.8500,India,IN,IND,Mahārāshtra,,4672000,1356081074
Boston,Boston,42.3188,-71.0846,"United States",US,USA,Massachusetts,admin,4637537.0,1840000455
Sydney,Sydney,-33.9200,151.1852,Australia,AU,AUS,"New South Wales",admin,4630000,1036074917
"Saint Petersburg","Saint Petersburg",59.9390,30.3160,Russia,RU,RUS,Sankt-Peterburg,admin,4553000,1643616350
Chittagong,Chittagong,22.3300,91.8000,Bangladesh,BD,BGD,Chittagong,admin,4529000,1050830722
Dongguan,Dongguan,23.0489,113.7447,China,CN,CHN,Guangdong,minor,4528000,1156478242
Riyadh,Riyadh,24.6408,46.7727,"Saudi Arabia",SA,SAU,"Ar Riyāḑ",primary,4465000,1682999334
Hanoi,Hanoi,21.0333,105.8500,Vietnam,VN,VNM,"Hà Nội",primary,4378000,1704413791
Guadalajara,Guadalajara,20.6700,-103.3300,Mexico,MX,MEX,Jalisco,admin,4198000,1484950208
Melbourne,Melbourne,-37.8200,144.9750,Australia,AU,AUS,Victoria,admin,4170000,1036533631
Alexandria,Alexandria,31.2000,29.9500,Egypt,EG,EGY,"Al Iskandarīyah",admin,4165000,1818695837
Chengdu,Chengdu,30.6700,104.0700,China,CN,CHN,Sichuan,admin,4123000,1156421555
Rangoon,Rangoon,16.7834,96.1667,Burma,MM,MMR,Yangon,primary,4088000,1104616656
Phoenix,Phoenix,33.5722,-112.0891,"United States",US,USA,Arizona,admin,4081849.0,1840020568
Xi’an,Xi'an,34.2750,108.8950,China,CN,CHN,Shaanxi,admin,4009000,1156244079
"Porto Alegre","Porto Alegre",-30.0500,-51.2000,Brazil,BR,BRA,"Rio Grande do Sul",admin,3917000,1076658221
Sūrat,Surat,21.2000,72.8400,India,IN,IND,Gujarāt,,3842000,1356758738
Hechi,Hechi,23.0965,109.6091,China,CN,CHN,Guangxi,,3830000,1156868701
Abidjan,Abidjan,5.3200,-4.0400,"Côte D’Ivoire",CI,CIV,Abidjan,primary,3802000,1384207980
Brasília,Brasilia,-15.7833,-47.9161,Brazil,BR,BRA,"Distrito Federal",primary,3716996,1076144436
Ankara,Ankara,39.9272,32.8644,Turkey,TR,TUR,Ankara,primary,3716000,1792572891
Monterrey,Monterrey,25.6700,-100.3300,Mexico,MX,MEX,"Nuevo León",admin,3712000,1484559591
Yokohama,Yokohama,35.3200,139.5800,Japan,JP,JPN,Kanagawa,admin,3697894,1392118339
Nanjing,Nanjing,32.0500,118.7800,China,CN,CHN,Jiangsu,admin,3679000,1156644065
Montréal,Montreal,45.5000,-73.5833,Canada,CA,CAN,Québec,,3678000,1124586170
Guiyang,Guiyang,26.5800,106.7200,China,CN,CHN,Guizhou,admin,3662000,1156932620
Recife,Recife,-8.0756,-34.9156,Brazil,BR,BRA,Pernambuco,admin,3651000,1076137337
Seattle,Seattle,47.6211,-122.3244,"United States",US,USA,Washington,,3643765.0,1840021117
Harbin,Harbin,45.7500,126.6500,China,CN,CHN,Heilongjiang,admin,3621000,1156241528
"San Francisco","San Francisco",37.7562,-122.4430,"United States",US,USA,California,,3603761.0,1840021543
Fortaleza,Fortaleza,-3.7500,-38.5800,Brazil,BR,BRA,Ceará,admin,3602319,1076567885
Zhangzhou,Zhangzhou,24.5204,117.6700,China,CN,CHN,Fujian,minor,3531147,1156241637
Detroit,Detroit,42.3834,-83.1024,"United States",US,USA,Michigan,,3522206.0,1840003971
Salvador,Salvador,-12.9700,-38.4800,Brazil,BR,BRA,Bahia,admin,3484000,1076923789
Busan,Busan,35.0951,129.0100,"Korea, South",KR,KOR,Busan,admin,3480000,1410601465
Johannesburg,Johannesburg,-26.1700,28.0300,"South Africa",ZA,ZAF,Gauteng,admin,3435000,1710550792
Berlin,Berlin,52.5218,13.4015,Germany,DE,DEU,Berlin,primary,3406000,1276451290
Algiers,Algiers,36.7631,3.0506,Algeria,DZ,DZA,Alger,primary,3354000,1012973369
Rome,Rome,41.8960,12.4833,Italy,IT,ITA,Lazio,primary,3339000,1380382862
Pyongyang,Pyongyang,39.0194,125.7547,"Korea, North",KP,PRK,P’yŏngyang,primary,3300000,1408738594
Medellín,Medellin,6.2750,-75.5750,Colombia,CO,COL,Antioquia,admin,3297000,1170680389
Kabul,Kabul,34.5167,69.1833,Afghanistan,AF,AFG,Kābul,primary,3277000,1004993580
Athens,Athens,37.9833,23.7333,Greece,GR,GRC,Attikí,primary,3242000,1300715560
Nagoya,Nagoya,35.1550,136.9150,Japan,JP,JPN,Aichi,admin,3230000,1392407472
"Cape Town","Cape Town",-33.9200,18.4350,"South Africa",ZA,ZAF,"Western Cape",primary,3215000,1710680650
"San Diego","San Diego",32.8312,-117.1225,"United States",US,USA,California,,3210314.0,1840021990
Changchun,Changchun,43.8650,125.3400,China,CN,CHN,Jilin,admin,3183000,1156078103
Casablanca,Casablanca,33.6000,-7.6164,Morocco,MA,MAR,Casablanca-Settat,admin,3181000,1504175315
Dalian,Dalian,38.9228,121.6298,China,CN,CHN,Liaoning,,3167000,1156175472
Cawnpore,Cawnpore,26.4600,80.3200,India,IN,IND,"Uttar Pradesh",,3162000,1356575238
Kano,Kano,12.0000,8.5200,Nigeria,NG,NGA,Kano,admin,3140000,1566422868
"Tel Aviv-Yafo","Tel Aviv-Yafo",32.0800,34.7700,Israel,IL,ISR,"Tel Aviv",admin,3112000,1376401542
"Addis Ababa","Addis Ababa",9.0333,38.7000,Ethiopia,ET,ETH,"Ādīs Ābeba",primary,3100000,1231824991
Curitiba,Curitiba,-25.4200,-49.3200,Brazil,BR,BRA,Paraná,admin,3084000,1076701712
Zibo,Zibo,36.8000,118.0500,China,CN,CHN,Shandong,,3061000,1156381094
Jeddah,Jeddah,21.5169,39.2192,"Saudi Arabia",SA,SAU,"Makkah al Mukarramah",,3012000,1682926944
Nairobi,Nairobi,-1.2833,36.8167,Kenya,KE,KEN,"Nairobi City",primary,3010000,1404000661
Hangzhou,Hangzhou,30.2500,120.1700,China,CN,CHN,Zhejiang,admin,3007000,1156275243
Benoni,Benoni,-26.1496,28.3299,"South Africa",ZA,ZAF,Gauteng,,2986000,1710880986
Caracas,Caracas,10.5010,-66.9170,Venezuela,VE,VEN,"Distrito Capital",primary,2985000,1862748204
Milan,Milan,45.4700,9.2050,Italy,IT,ITA,Lombardy,admin,2945000,1380724377
Stuttgart,Stuttgart,48.7800,9.2000,Germany,DE,DEU,Baden-Württemberg,admin,2944700,1276171358
Kunming,Kunming,25.0700,102.6800,China,CN,CHN,Yunnan,admin,2931000,1156477539
"Dar es Salaam","Dar es Salaam",-6.8000,39.2683,Tanzania,TZ,TZA,"Dar es Salaam",primary,2930000,1834843853
Minneapolis,Minneapolis,44.9635,-93.2678,"United States",US,USA,Minnesota,,2926757.0,1840007830
Jaipur,Jaipur,26.9211,75.8100,India,IN,IND,Rājasthān,admin,2917000,1356293537
Taiyuan,Taiyuan,37.8750,112.5451,China,CN,CHN,Shanxi,admin,2913000,1156632014
Frankfurt,Frankfurt,50.1000,8.6750,Germany,DE,DEU,Hesse,minor,2895000,1276054552
Qingdao,Qingdao,36.0900,120.3300,China,CN,CHN,Shandong,minor,2866000,1156112588
Surabaya,Surabaya,-7.2492,112.7508,Indonesia,ID,IDN,"Jawa Timur",admin,2845000,1360484663
Lisbon,Lisbon,38.7227,-9.1449,Portugal,PT,PRT,Lisboa,primary,2812000,1620619017
Tampa,Tampa,27.9942,-82.4451,"United States",US,USA,Florida,,2804240.0,1840015982
Jinan,Jinan,36.6750,116.9950,China,CN,CHN,Shandong,admin,2798000,1156972469
Fukuoka,Fukuoka,33.5950,130.4100,Japan,JP,JPN,Fukuoka,admin,2792000,1392576294
Campinas,Campinas,-22.9000,-47.1000,Brazil,BR,BRA,"São Paulo",,2791000,1076145766
Denver,Denver,39.7621,-104.8759,"United States",US,USA,Colorado,admin,2787266.0,1840018789
Kaohsiung,Kaohsiung,22.6333,120.2666,Taiwan,TW,TWN,Kaohsiung,admin,2769072,1158331334
"Quezon City","Quezon City",14.6504,121.0300,Philippines,PH,PHL,Quezon,admin,2761720,1608974097
Katowice,Katowice,50.2604,19.0200,Poland,PL,POL,Śląskie,admin,2746000,1616798495
Aleppo,Aleppo,36.2300,37.1700,Syria,SY,SYR,Ḩalab,admin,2738000,1760366651
Durban,Durban,-29.8650,30.9800,"South Africa",ZA,ZAF,KwaZulu-Natal,,2729000,1710149138
Kyiv,Kyiv,50.4334,30.5166,Ukraine,UA,UKR,"Kyyiv, Misto",primary,2709000,1804382913
Lucknow,Lucknow,26.8550,80.9150,India,IN,IND,"Uttar Pradesh",admin,2695000,1356891790
Giza,Giza,30.0100,31.1900,Egypt,EG,EGY,"Al Jīzah",admin,2681863,1818925479
Zhengzhou,Zhengzhou,34.7550,113.6651,China,CN,CHN,Henan,admin,2636000,1156183137
Taichung,Taichung,24.1521,120.6817,Taiwan,TW,TWN,Taichung,admin,2629323,1158689622
Brooklyn,Brooklyn,40.6501,-73.9496,"United States",US,USA,"New York",,2629150,1840034030
Ibadan,Ibadan,7.3800,3.9300,Nigeria,NG,NGA,Oyo,admin,2628000,1566366407
Faisalabad,Faisalabad,31.4100,73.1100,Pakistan,PK,PAK,Punjab,minor,2617000,1586323916
Fuzhou,Fuzhou,26.0800,119.3000,China,CN,CHN,Fujian,admin,2606000,1156188037
Changsha,Changsha,28.2000,112.9700,China,CN,CHN,Hunan,admin,2604000,1156961497
Dakar,Dakar,14.7158,-17.4731,Senegal,SN,SEN,Dakar,primary,2604000,1686604760
İzmir,Izmir,38.4361,27.1518,Turkey,TR,TUR,İzmir,admin,2587000,1792725579
Xiangtan,Xiangtan,27.8504,112.9000,China,CN,CHN,Hunan,,2586948,1156195684
Lanzhou,Lanzhou,36.0560,103.7920,China,CN,CHN,Gansu,admin,2561000,1156280566
Incheon,Incheon,37.4761,126.6422,"Korea, South",KR,KOR,Incheon,admin,2550000,1410160313
Sapporo,Sapporo,43.0750,141.3400,Japan,JP,JPN,Hokkaidō,admin,2544000,1392000195
Xiamen,Xiamen,24.4500,118.0800,China,CN,CHN,Fujian,minor,2519000,1156212809
Guayaquil,Guayaquil,-2.2200,-79.9200,Ecuador,EC,ECU,Guayas,admin,2514000,1218802178
"George Town","George Town",5.4136,100.3294,Malaysia,MY,MYS,"Pulau Pinang",admin,2500000,1458236750
Mashhad,Mashhad,36.2700,59.5700,Iran,IR,IRN,"Khorāsān-e Raẕavī",admin,2469000,1364123206
Damascus,Damascus,33.5000,36.3000,Syria,SY,SYR,Dimashq,primary,2466000,1760685964
Daegu,Daegu,35.8668,128.6070,"Korea, South",KR,KOR,Daegu,admin,2460000,1410095252
Nāgpur,Nagpur,21.1700,79.0900,India,IN,IND,Mahārāshtra,,2454000,1356365743
Lianshan,Lianshan,40.7503,120.8300,China,CN,CHN,Liaoning,minor,2426000,1156046704
Shijiazhuang,Shijiazhuang,38.0500,114.4800,China,CN,CHN,Hebei,admin,2417000,1156217541
Tunis,Tunis,36.8028,10.1797,Tunisia,TN,TUN,Tunis,primary,2412500,1788742103
Vienna,Vienna,48.2000,16.3666,Austria,AT,AUT,Wien,primary,2400000,1040261752
Jilin,Jilin,43.8500,126.5500,China,CN,CHN,Jilin,,2396000,1156646448
Omdurman,Omdurman,15.6167,32.4800,Sudan,SD,SDN,Khartoum,,2395159,1729912179
Bandung,Bandung,-6.9500,107.5700,Indonesia,ID,IDN,"Jawa Barat",admin,2394000,1360313023
Bekasi,Bekasi,-6.2173,106.9723,Indonesia,ID,IDN,"Jawa Barat",,2378211,1360006015
Mannheim,Mannheim,49.5004,8.4700,Germany,DE,DEU,Baden-Württemberg,minor,2362000,1276150104
Nanchang,Nanchang,28.6800,115.8800,China,CN,CHN,Jiangxi,admin,2350000,1156198892
Wenzhou,Wenzhou,28.0200,120.6501,China,CN,CHN,Zhejiang,,2350000,1156188829
Queens,Queens,40.7498,-73.7976,"United States",US,USA,"New York",,2333054,1840034002
Vancouver,Vancouver,49.2734,-123.1216,Canada,CA,CAN,"British Columbia",,2313328,1124825478
Birmingham,Birmingham,52.4750,-1.9200,"United Kingdom",GB,GBR,Birmingham,admin,2285000,1826423213
Cali,Cali,3.4000,-76.5000,Colombia,CO,COL,"Valle del Cauca",admin,2254000,1170417589
Naples,Naples,40.8400,14.2450,Italy,IT,ITA,Campania,admin,2250000,1380646673
Sendai,Sendai,38.2871,141.0217,Japan,JP,JPN,Miyagi,admin,2250000,1392457903
Manchester,Manchester,53.5004,-2.2480,"United Kingdom",GB,GBR,Manchester,admin,2230000,1826246335
Puebla,Puebla,19.0500,-98.2000,Mexico,MX,MEX,Puebla,admin,2195000,1484416394
Tripoli,Tripoli,32.8925,13.1800,Libya,LY,LBY,Ţarābulus,primary,2189000,1434201852
Tashkent,Tashkent,41.3117,69.2949,Uzbekistan,UZ,UZB,Toshkent,primary,2184000,1860331871
Havana,Havana,23.1320,-82.3642,Cuba,CU,CUB,"La Habana",primary,2174000,1192752771
Gaoping,Gaoping,30.7804,106.1300,China,CN,CHN,Sichuan,minor,2174000,1156522457
Baltimore,Baltimore,39.3051,-76.6144,"United States",US,USA,Maryland,,2170504.0,1840001592
Nanning,Nanning,22.8200,108.3200,China,CN,CHN,Guangxi,admin,2167000,1156605439
Belém,Belem,-1.4500,-48.4800,Brazil,BR,BRA,Pará,admin,2167000,1076646823
Patna,Patna,25.6250,85.1300,India,IN,IND,Bihār,admin,2158000,1356821429
"Santo Domingo","Santo Domingo",18.4701,-69.9001,"Dominican Republic",DO,DOM,Ozama,primary,2154000,1214636202
Ürümqi,Urumqi,43.8050,87.5750,China,CN,CHN,Xinjiang,admin,2151000,1156051276
Zaozhuang,Zaozhuang,34.8800,117.5700,China,CN,CHN,Shandong,,2145000,1156796454
Baku,Baku,40.3953,49.8622,Azerbaijan,AZ,AZE,Bakı,primary,2122300,1031946365
Accra,Accra,5.5500,-0.2167,Ghana,GH,GHA,"Greater Accra",primary,2121000,1288299415
Yantai,Yantai,37.5304,121.4000,China,CN,CHN,Shandong,,2116000,1156932948
Medan,Medan,3.5800,98.6500,Indonesia,ID,IDN,"Sumatera Utara",admin,2115000,1360543171
"Santa Cruz","Santa Cruz",-17.7539,-63.2260,Bolivia,BO,BOL,"Santa Cruz",,2102998,1068002564
Tongshan,Tongshan,34.2800,117.1800,China,CN,CHN,Jiangsu,minor,2091000,1156241678
Riverside,Riverside,33.9381,-117.3948,"United States",US,USA,California,,2084749.0,1840020551
Linyi,Linyi,35.0800,118.3300,China,CN,CHN,Shandong,,2082000,1156086320
"St. Louis","St. Louis",38.6358,-90.2451,"United States",US,USA,Missouri,,2078283.0,1840001651
"Las Vegas","Las Vegas",36.2333,-115.2654,"United States",US,USA,Nevada,,2073045.0,1840020364
Maracaibo,Maracaibo,10.7300,-71.6600,Venezuela,VE,VEN,Zulia,admin,2072000,1862072711
"Kuwait City","Kuwait City",29.3697,47.9783,Kuwait,KW,KWT,"Al ‘Āşimah",primary,2063000,1414102075
"Ad Dammām","Ad Dammam",26.4282,50.0997,"Saudi Arabia",SA,SAU,"Ash Sharqīyah",admin,2054710,1682452296
Portland,Portland,45.5371,-122.6500,"United States",US,USA,Oregon,,2052796.0,1840019941
Haikou,Haikou,20.0500,110.3200,China,CN,CHN,Hainan,admin,2046189,1156183327
Hiroshima,Hiroshima,34.3878,132.4429,Japan,JP,JPN,Hiroshima,admin,2045000,1392373695
Baotou,Baotou,40.6522,109.8220,China,CN,CHN,"Inner Mongolia",,2036000,1156032751
Hefei,Hefei,31.8500,117.2800,China,CN,CHN,Anhui,admin,2035000,1156332710
Indore,Indore,22.7151,75.8650,India,IN,IND,"Madhya Pradesh",,2026000,1356402812
Goiânia,Goiania,-16.7200,-49.3000,Brazil,BR,BRA,Goiás,admin,2022000,1076034054
Sanaa,Sanaa,15.3547,44.2066,Yemen,YE,YEM,"Amānat al ‘Āşimah",primary,2008000,1887750814
"San Antonio","San Antonio",29.4658,-98.5254,"United States",US,USA,Texas,,2002530.0,1840022220
Port-au-Prince,Port-au-Prince,18.5410,-72.3360,Haiti,HT,HTI,Ouest,primary,1998000,1332401940
Haiphong,Haiphong,20.8300,106.6801,Vietnam,VN,VNM,"Hải Phòng",admin,1969000,1704000623
Suzhou,Suzhou,33.6361,116.9789,China,CN,CHN,Anhui,,1964000,1156871297
Nanyang,Nanyang,33.0004,112.5300,China,CN,CHN,Henan,,1944000,1156192287
Bucharest,Bucharest,44.4334,26.0999,Romania,RO,ROU,Bucureşti,primary,1942000,1642414442
Ningbo,Ningbo,29.8800,121.5500,China,CN,CHN,Zhejiang,minor,1923000,1156170787
Douala,Douala,4.0604,9.7100,Cameroon,CM,CMR,Littoral,admin,1906000,1120494607
Tangshan,Tangshan,39.6243,118.1944,China,CN,CHN,Hebei,,1879000,1156904299
Tainan,Tainan,23.0000,120.2000,Taiwan,TW,TWN,Tainan,admin,1876312,1158061376
Xiping,Xiping,40.0800,113.3000,China,CN,CHN,Shanxi,minor,1873000,1156898522
Asunción,Asuncion,-25.2964,-57.6415,Paraguay,PY,PRY,Asunción,primary,1870000,1600057911
"Saidu Sharif","Saidu Sharif",34.7500,72.3500,Pakistan,PK,PAK,"Khyber Pakhtunkhwa",minor,1860310,1586619596
Brisbane,Brisbane,-27.4550,153.0351,Australia,AU,AUS,Queensland,admin,1860000,1036192929
Rawalpindi,Rawalpindi,33.6000,73.0400,Pakistan,PK,PAK,Punjab,minor,1858000,1586344001
Sacramento,Sacramento,38.5667,-121.4683,"United States",US,USA,California,admin,1854698.0,1840021491
Beirut,Beirut,33.8720,35.5097,Lebanon,LB,LBN,Beyrouth,primary,1846000,1422847713
"San Jose","San Jose",37.3021,-121.8489,"United States",US,USA,California,,1821899.0,1840021570
Minsk,Minsk,53.9000,27.5666,Belarus,BY,BLR,Minsk,primary,1805000,1112348503
Kyōto,Kyoto,35.0300,135.7500,Japan,JP,JPN,Kyōto,admin,1805000,1392622735
Barranquilla,Barranquilla,10.9600,-74.8000,Colombia,CO,COL,Atlántico,admin,1798000,1170179113
Orlando,Orlando,28.4772,-81.3369,"United States",US,USA,Florida,,1776841.0,1840015099
Shuyangzha,Shuyangzha,34.1299,118.7734,China,CN,CHN,Jiangsu,,1770000,1156051957
Valencia,Valencia,10.2300,-67.9800,Venezuela,VE,VEN,Carabobo,admin,1770000,1862309871
Hamburg,Hamburg,53.5500,10.0000,Germany,DE,DEU,Hamburg,admin,1757000,1276041799
Vadodara,Vadodara,22.3100,73.1800,India,IN,IND,Gujarāt,,1756000,1356705249
Manaus,Manaus,-3.1000,-60.0000,Brazil,BR,BRA,Amazonas,admin,1753000,1076607274
Shangqiu,Shangqiu,34.4504,115.6500,China,CN,CHN,Henan,,1753000,1156805441
Wuxi,Wuxi,31.5800,120.3000,China,CN,CHN,Jiangsu,minor,1749000,1156019650
Palembang,Palembang,-2.9800,104.7500,Indonesia,ID,IDN,"Sumatera Selatan",admin,1749000,1360902897
Brussels,Brussels,50.8333,4.3333,Belgium,BE,BEL,"Brussels-Capital Region",primary,1743000,1056469830
Essen,Essen,51.4500,7.0166,Germany,DE,DEU,"North Rhine-Westphalia",minor,1742135,1276769247
Cleveland,Cleveland,41.4767,-81.6805,"United States",US,USA,Ohio,,1730363.0,1840000596
Bhopal,Bhopal,23.2500,77.4100,India,IN,IND,"Madhya Pradesh",admin,1727000,1356734039
Hohhot,Hohhot,40.8200,111.6600,China,CN,CHN,"Inner Mongolia",admin,1726000,1156210167
Pittsburgh,Pittsburgh,40.4396,-79.9763,"United States",US,USA,Pennsylvania,,1715297.0,1840001254
Luoyang,Luoyang,34.6800,112.4701,China,CN,CHN,Henan,,1715000,1156069315
Santos,Santos,-23.9537,-46.3329,Brazil,BR,BRA,"São Paulo",,1709000,1076033299
Jingling,Jingling,30.6501,113.1600,China,CN,CHN,Hubei,,1708000,1156060544
Warsaw,Warsaw,52.2500,21.0000,Poland,PL,POL,Mazowieckie,primary,1707000,1616024847
Rabat,Rabat,34.0253,-6.8361,Morocco,MA,MAR,Rabat-Salé-Kénitra,primary,1705000,1504023252
Vitória,Vitoria,-20.3240,-40.3660,Brazil,BR,BRA,"Espírito Santo",admin,1704000,1076376829
Quito,Quito,-0.2150,-78.5001,Ecuador,EC,ECU,Pichincha,primary,1701000,1218441993
Antananarivo,Antananarivo,-18.9166,47.5166,Madagascar,MG,MDG,Antananarivo,primary,1697000,1450978461
Coimbatore,Coimbatore,11.0000,76.9500,India,IN,IND,"Tamil Nādu ",,1696000,1356999503
Daqing,Daqing,46.5800,125.0000,China,CN,CHN,Heilongjiang,,1693000,1156403962
Lu’an,Lu'an,31.7503,116.4800,China,CN,CHN,Anhui,minor,1690000,1156499624
Sanzhou,Sanzhou,30.8200,108.4000,China,CN,CHN,Chongqing,,1680000,1156025536
Budapest,Budapest,47.5000,19.0833,Hungary,HU,HUN,Budapest,primary,1679000,1348611435
Turin,Turin,45.0704,7.6700,Italy,IT,ITA,Piedmont,admin,1652000,1380244627
Suzhou,Suzhou,31.3005,120.6200,China,CN,CHN,Jiangsu,minor,1650000,1156029196
Ludhiāna,Ludhiana,30.9278,75.8723,India,IN,IND,Punjab,,1649000,1356929498
Cincinnati,Cincinnati,39.1412,-84.5060,"United States",US,USA,Ohio,,1648254.0,1840003814
Kumasi,Kumasi,6.6900,-1.6300,Ghana,GH,GHA,Ashanti,admin,1646000,1288181103
Manhattan,Manhattan,40.7834,-73.9662,"United States",US,USA,"New York",,1643734,1840034000
Qiqihar,Qiqihar,47.3450,123.9900,China,CN,CHN,Heilongjiang,minor,1641000,1156775905
Anshan,Anshan,41.1150,122.9400,China,CN,CHN,Liaoning,,1639000,1156901825
Austin,Austin,30.3006,-97.7517,"United States",US,USA,Texas,admin,1638716.0,1840019590
Zhongli,Zhongli,24.9650,121.2168,Taiwan,TW,TWN,Taoyuan,,1632616,1158025380
Handan,Handan,36.5800,114.4800,China,CN,CHN,Hebei,,1631000,1156957080
Tai’an,Tai'an,36.2000,117.1201,China,CN,CHN,Shandong,,1629000,1156095188
Eşfahān,Esfahan,32.7000,51.7000,Iran,IR,IRN,Eşfahān,admin,1628000,1364023865
"Kansas City","Kansas City",39.1239,-94.5541,"United States",US,USA,Missouri,,1615621.0,1840008535
Yaoundé,Yaounde,3.8667,11.5167,Cameroon,CM,CMR,Centre,primary,1611000,1120298240
Shantou,Shantou,23.3700,116.6700,China,CN,CHN,Guangdong,minor,1601000,1156457499
Āgra,Agra,27.1704,78.0150,India,IN,IND,"Uttar Pradesh",,1592000,1356187395
Zhanjiang,Zhanjiang,21.2000,110.3800,China,CN,CHN,Guangdong,minor,1590000,1156502170
"La Paz","La Paz",-16.4980,-68.1500,Bolivia,BO,BOL,"La Paz",primary,1590000,1068000064
Kalyān,Kalyan,19.2502,73.1602,India,IN,IND,Mahārāshtra,,1576614,1356172246
Abuja,Abuja,9.0833,7.5333,Nigeria,NG,NGA,"Federal Capital Territory",primary,1576000,1566342270
Harare,Harare,-17.8178,31.0447,Zimbabwe,ZW,ZWE,Harare,primary,1572000,1716196799
Indianapolis,Indianapolis,39.7771,-86.1458,"United States",US,USA,Indiana,admin,1564699.0,1840030084
Xiantao,Xiantao,30.3704,113.4400,China,CN,CHN,Hubei,,1556000,1156216927
Khulna,Khulna,22.8400,89.5600,Bangladesh,BD,BGD,Khulna,admin,1553000,1050667339
Weifang,Weifang,36.7204,119.1001,China,CN,CHN,Shandong,,1553000,1156912965
Tijuana,Tijuana,32.5000,-117.0800,Mexico,MX,MEX,"Baja California",minor,1553000,1484708778
Santiago,Santiago,19.5000,-70.6700,"Dominican Republic",DO,DOM,"Cibao Norte",admin,1550753,1214985348
Xinyang,Xinyang,32.1304,114.0700,China,CN,CHN,Henan,,1541000,1156273453
Luzhou,Luzhou,28.8800,105.3800,China,CN,CHN,Sichuan,minor,1537000,1156582079
Perth,Perth,-31.9550,115.8400,Australia,AU,AUS,"Western Australia",admin,1532000,1036178956
Toluca,Toluca,19.3304,-99.6700,Mexico,MX,MEX,México,admin,1531000,1484124846
Vishākhapatnam,Vishakhapatnam,17.7300,83.3050,India,IN,IND,"Andhra Pradesh",,1529000,1356692563
Leeds,Leeds,53.8300,-1.5800,"United Kingdom",GB,GBR,Leeds,admin,1529000,1826343963
Kōbe,Kobe,34.6800,135.1700,Japan,JP,JPN,Hyōgo,admin,1528478,1392978082
Columbus,Columbus,39.9860,-82.9851,"United States",US,USA,Ohio,admin,1528314.0,1840003760
Multan,Multan,30.2000,71.4550,Pakistan,PK,PAK,Punjab,minor,1522000,1586256291
Kochi,Kochi,10.0150,76.2239,India,IN,IND,Kerala,,1519000,1356707865
Montevideo,Montevideo,-34.8580,-56.1711,Uruguay,UY,URY,Montevideo,primary,1513000,1858107000
Gujranwala,Gujranwala,32.1604,74.1850,Pakistan,PK,PAK,Punjab,minor,1513000,1586400472
Niterói,Niteroi,-22.9000,-43.1000,Brazil,BR,BRA,"Rio de Janeiro",,1500513,1076501425
Ganzhou,Ganzhou,25.9200,114.9500,China,CN,CHN,Jiangxi,minor,1500000,1156832475
Florence,Florence,43.7800,11.2500,Italy,IT,ITA,Tuscany,admin,1500000,1380726561
Liuzhou,Liuzhou,24.2800,109.2500,China,CN,CHN,Guangxi,minor,1497000,1156360785
Bamako,Bamako,12.6500,-8.0000,Mali,ML,MLI,Bamako,primary,1494000,1466965925
Conakry,Conakry,9.5315,-13.6802,Guinea,GN,GIN,Conakry,primary,1494000,1324568159
Bursa,Bursa,40.2000,29.0700,Turkey,TR,TUR,Bursa,admin,1492000,1792903330
"León de los Aldama","Leon de los Aldama",21.1500,-101.7000,Mexico,MX,MEX,Guanajuato,minor,1488000,1484811199
"Virginia Beach","Virginia Beach",36.7335,-76.0435,"United States",US,USA,Virginia,,1480383.0,1840003871
Nāsik,Nasik,20.0004,73.7800,India,IN,IND,Mahārāshtra,,1473000,1356562598
Fushun,Fushun,41.8654,123.8700,China,CN,CHN,Liaoning,,1470000,1156857743
Changde,Changde,29.0300,111.6800,China,CN,CHN,Hunan,minor,1469000,1156449091
Daejeon,Daejeon,36.3355,127.4250,"Korea, South",KR,KOR,Daejeon,admin,1468000,1410993875
Charlotte,Charlotte,35.2079,-80.8304,"United States",US,USA,"North Carolina",,1467362.0,1840014557
"Phnom Penh","Phnom Penh",11.5500,104.9166,Cambodia,KH,KHM,"Phnom Penh",primary,1466000,1116260534
Neijiang,Neijiang,29.5804,105.0500,China,CN,CHN,Sichuan,minor,1466000,1156516335
Quanzhou,Quanzhou,24.9000,118.5800,China,CN,CHN,Fujian,minor,1463000,1156829655
Kharkiv,Kharkiv,50.0000,36.2500,Ukraine,UA,UKR,"Kharkivs’ka Oblast’",admin,1461000,1804588111
"Hyderabad City","Hyderabad City",25.3800,68.3750,Pakistan,PK,PAK,Sindh,,1459000,1586427790
Bronx,Bronx,40.8501,-73.8662,"United States",US,USA,"New York",,1455720,1840033999
Lomé,Lome,6.1319,1.2228,Togo,TG,TGO,Maritime,primary,1452000,1768409132
Córdoba,Cordoba,-31.4000,-64.1823,Argentina,AR,ARG,Córdoba,admin,1452000,1032803249
Huainan,Huainan,32.6300,116.9800,China,CN,CHN,Anhui,,1451000,1156877299
Doha,Doha,25.2866,51.5330,Qatar,QA,QAT,"Ad Dawḩah",primary,1450000,1634459660
"Kuala Lumpur","Kuala Lumpur",3.1667,101.7000,Malaysia,MY,MYS,"Kuala Lumpur ",primary,1448000,1458988644
Maputo,Maputo,-25.9553,32.5892,Mozambique,MZ,MOZ,Maputo,primary,1446000,1508074843
Kaduna,Kaduna,10.5200,7.4400,Nigeria,NG,NGA,Kaduna,admin,1442000,1566368729
Gwangju,Gwangju,35.1710,126.9104,"Korea, South",KR,KOR,Gwangju,admin,1440000,1410000087
Kawanakajima,Kawanakajima,35.5300,139.7050,Japan,JP,JPN,Kanagawa,,1437266,1392879600
"San Salvador","San Salvador",13.7100,-89.2030,"El Salvador",SV,SLV,"San Salvador",primary,1433000,1222647454
Suining,Suining,30.5333,105.5333,China,CN,CHN,Sichuan,minor,1425000,1156655650
Lyon,Lyon,45.7700,4.8300,France,FR,FRA,Auvergne-Rhône-Alpes,admin,1423000,1250196189
Karaj,Karaj,35.8004,50.9700,Iran,IR,IRN,Alborz,admin,1423000,1364258511
Kampala,Kampala,0.3167,32.5833,Uganda,UG,UGA,Kampala,primary,1420000,1800406299
Tabrīz,Tabriz,38.0863,46.3012,Iran,IR,IRN,"Āz̄arbāyjān-e Sharqī",admin,1413000,1364141756
"The Hague","The Hague",52.0800,4.2700,Netherlands,NL,NLD,Zuid-Holland,primary,1406000,1528799905
Davao,Davao,7.1100,125.6300,Philippines,PH,PHL,Davao,admin,1402000,1608906877
Marseille,Marseille,43.2900,5.3750,France,FR,FRA,"Provence-Alpes-Côte d’Azur",admin,1400000,1250774071
Meerut,Meerut,29.0004,77.7000,India,IN,IND,"Uttar Pradesh",,1398000,1356390476
Mianyang,Mianyang,31.4700,104.7700,China,CN,CHN,Sichuan,minor,1396000,1156417758
Semarang,Semarang,-6.9666,110.4200,Indonesia,ID,IDN,"Jawa Tengah",admin,1396000,1360745537
Farīdābād,Faridabad,28.4333,77.3167,India,IN,IND,Haryāna,,1394000,1356013205
Novosibirsk,Novosibirsk,55.0300,82.9600,Russia,RU,RUS,"Novosibirskaya Oblast’",admin,1389000,1643399240
Mecca,Mecca,21.4300,39.8200,"Saudi Arabia",SA,SAU,"Makkah al Mukarramah",admin,1385000,1682169241
Dubai,Dubai,25.2300,55.2800,"United Arab Emirates",AE,ARE,Dubayy,admin,1379000,1784736618
Milwaukee,Milwaukee,43.0642,-87.9673,"United States",US,USA,Wisconsin,,1377808.0,1840003046
Auckland,Auckland,-36.8481,174.7630,"New Zealand",NZ,NZL,Auckland,admin,1377200,1554435911
Ma’anshan,Ma'anshan,31.7304,118.4800,China,CN,CHN,Anhui,minor,1366302,1156847452
Brazzaville,Brazzaville,-4.2592,15.2847,"Congo (Brazzaville)",CG,COG,Brazzaville,primary,1355000,1178340306
Yiyang,Yiyang,28.6004,112.3300,China,CN,CHN,Hunan,,1352000,1156218615
Vārānasi,Varanasi,25.3300,83.0000,India,IN,IND,"Uttar Pradesh",,1352000,1356145782
Lubumbashi,Lubumbashi,-11.6800,27.4800,"Congo (Kinshasa)",CD,COD,Haut-Katanga,admin,1352000,1180506234
Juárez,Juarez,31.6904,-106.4900,Mexico,MX,MEX,Chihuahua,minor,1343000,1484840083
Ghāziābād,Ghaziabad,28.6604,77.4084,India,IN,IND,"Uttar Pradesh",,1341000,1356691871
Pretoria,Pretoria,-25.7069,28.2294,"South Africa",ZA,ZAF,Gauteng,primary,1338000,1710176249
Heze,Heze,35.2300,115.4500,China,CN,CHN,Shandong,minor,1338000,1156225008
Porto,Porto,41.1500,-8.6200,Portugal,PT,PRT,Porto,admin,1337000,1620356810
Āsansol,Asansol,23.6833,86.9833,India,IN,IND,"West Bengal",,1328000,1356093694
Lusaka,Lusaka,-15.4166,28.2833,Zambia,ZM,ZMB,Lusaka,primary,1328000,1894157390
Changzhou,Changzhou,31.7800,119.9700,China,CN,CHN,Jiangsu,minor,1327000,1156185511
Mosul,Mosul,36.3450,43.1450,Iraq,IQ,IRQ,Nīnawá,admin,1316000,1368194914
Yekaterinburg,Yekaterinburg,56.8500,60.6000,Russia,RU,RUS,"Sverdlovskaya Oblast’",admin,1313000,1643582706
Peshawar,Peshawar,34.0050,71.5350,Pakistan,PK,PAK,"Khyber Pakhtunkhwa",admin,1303000,1586851102
Mandalay,Mandalay,21.9700,96.0850,Burma,MM,MMR,Mandalay,admin,1300000,1104468217
Jamshedpur,Jamshedpur,22.7875,86.1975,India,IN,IND,Jharkhand,,1300000,1356501259
Mbuji-Mayi,Mbuji-Mayi,-6.1500,23.6000,"Congo (Kinshasa)",CD,COD,"Kasaï Oriental",admin,1295000,1180399586
Madura,Madura,9.9200,78.1200,India,IN,IND,"Tamil Nādu ",,1294000,1356257289
Adana,Adana,36.9950,35.3200,Turkey,TR,TUR,Adana,admin,1293000,1792783772
Sheffield,Sheffield,53.3667,-1.5000,"United Kingdom",GB,GBR,Sheffield,admin,1292900,1826289852
Jabalpur,Jabalpur,23.1751,79.9551,India,IN,IND,"Madhya Pradesh",,1285000,1356115460
"San José","San Jose",9.9350,-84.0841,"Costa Rica",CR,CRI,"San José",primary,1284000,1188749877
"Panama City","Panama City",8.9680,-79.5330,Panama,PA,PAN,Panamá,primary,1281000,1591672475
"Nizhniy Novgorod","Nizhniy Novgorod",56.3330,44.0001,Russia,RU,RUS,"Nizhegorodskaya Oblast’",admin,1278000,1643012126
Chifeng,Chifeng,42.2700,118.9500,China,CN,CHN,"Inner Mongolia",minor,1277000,1156277458
Duisburg,Duisburg,51.4300,6.7500,Germany,DE,DEU,"North Rhine-Westphalia",minor,1276757,1276977172
Munich,Munich,48.1299,11.5750,Germany,DE,DEU,Bavaria,admin,1275000,1276692352
Huaiyin,Huaiyin,33.5800,119.0300,China,CN,CHN,Jiangsu,,1264000,1156662372
Stockholm,Stockholm,59.3508,18.0973,Sweden,SE,SWE,Stockholm,primary,1264000,1752425602
Makassar,Makassar,-5.1400,119.4320,Indonesia,ID,IDN,"Sulawesi Selatan",admin,1262000,1360051337
Rājkot,Rajkot,22.3100,70.8000,India,IN,IND,Gujarāt,,1260000,1356317190
Dhanbād,Dhanbad,23.8004,86.4200,India,IN,IND,Jharkhand,,1246000,1356103392
Mudanjiang,Mudanjiang,44.5750,129.5900,China,CN,CHN,Heilongjiang,minor,1244000,1156249698
Geneva,Geneva,46.2100,6.1400,Switzerland,CH,CHE,Genève,admin,1240000,1756810813
Shīrāz,Shiraz,29.6300,52.5700,Iran,IR,IRN,Fārs,admin,1240000,1364432238
Huzhou,Huzhou,30.8704,120.1000,China,CN,CHN,Zhejiang,minor,1231000,1156335543
Beidao,Beidao,34.6000,105.9200,China,CN,CHN,Gansu,minor,1225000,1156137209
Shuangshui,Shuangshui,26.5944,104.8333,China,CN,CHN,Guizhou,,1221000,1156070389
Düsseldorf,Dusseldorf,51.2204,6.7800,Germany,DE,DEU,"North Rhine-Westphalia",admin,1220000,1276615258
Gaozhou,Gaozhou,21.9204,110.8700,China,CN,CHN,Guangdong,,1217715,1156785303
Sevilla,Sevilla,37.4050,-5.9800,Spain,ES,ESP,Andalusia,admin,1212045,1724991838
Amritsar,Amritsar,31.6400,74.8700,India,IN,IND,Punjab,,1212000,1356926507
"Vila Velha","Vila Velha",-20.3676,-40.3180,Brazil,BR,BRA,"Espírito Santo",,1209091,1076404077
"Vila Velha","Vila Velha",3.2167,-51.2167,Brazil,BR,BRA,Amapá,,1209091,1076575691
Almaty,Almaty,43.3250,76.9150,Kazakhstan,KZ,KAZ,Almaty,admin,1209000,1398351701
Providence,Providence,41.8230,-71.4187,"United States",US,USA,"Rhode Island",admin,1206642.0,1840003289
Warangal,Warangal,18.0100,79.5800,India,IN,IND,Telangana,,1203853,1356851618
Rosario,Rosario,-32.9511,-60.6663,Argentina,AR,ARG,"Santa Fe",minor,1203000,1032770677
Allahābād,Allahabad,25.4550,81.8400,India,IN,IND,"Uttar Pradesh",,1201000,1356718332
"Benin City","Benin City",6.3405,5.6200,Nigeria,NG,NGA,Edo,admin,1190000,1566080151
Jining,Jining,35.4004,116.5500,China,CN,CHN,Shandong,,1186000,1156504601
Maceió,Maceio,-9.6200,-35.7300,Brazil,BR,BRA,Alagoas,admin,1186000,1076440479
Sofia,Sofia,42.6833,23.3167,Bulgaria,BG,BGR,Sofia-Grad,primary,1185000,1100762037
Abbottabad,Abbottabad,34.1495,73.1995,Pakistan,PK,PAK,"Khyber Pakhtunkhwa",minor,1183647,1586788758
Benghazi,Benghazi,32.1167,20.0667,Libya,LY,LBY,Banghāzī,admin,1180000,1434915572
Cilacap,Cilacap,-7.7188,109.0154,Indonesia,ID,IDN,"Jawa Tengah",minor,1174964,1360503809
Prague,Prague,50.0833,14.4660,Czechia,CZ,CZE,"Praha, Hlavní Město",primary,1162000,1203744823
Glasgow,Glasgow,55.8744,-4.2507,"United Kingdom",GB,GBR,"Glasgow City",admin,1160000,1826836462
Leshan,Leshan,29.5671,103.7333,China,CN,CHN,Sichuan,,1157000,1156203130
Jacksonville,Jacksonville,30.3322,-81.6749,"United States",US,USA,Florida,,1156291.0,1840015031
Ouagadougou,Ouagadougou,12.3703,-1.5247,"Burkina Faso",BF,BFA,Centre,primary,1149000,1854029208
Ottawa,Ottawa,45.4167,-75.7000,Canada,CA,CAN,Ontario,primary,1145000,1124399363
Adelaide,Adelaide,-34.9350,138.6000,Australia,AU,AUS,"South Australia",admin,1145000,1036538171
Shangrao,Shangrao,28.4704,117.9700,China,CN,CHN,Jiangxi,minor,1144577,1156405492
Torreón,Torreon,25.5701,-103.4200,Mexico,MX,MEX,"Coahuila de Zaragoza",minor,1144000,1484215762
Srīnagar,Srinagar,34.1000,74.8150,India,IN,IND,"Jammu and Kashmīr",admin,1140000,1356442950
Bezwāda,Bezwada,16.5200,80.6300,India,IN,IND,"Andhra Pradesh",,1137000,1356807575
Samara,Samara,53.1950,50.1513,Russia,RU,RUS,"Samarskaya Oblast’",admin,1137000,1643205757
Omsk,Omsk,54.9900,73.4000,Russia,RU,RUS,"Omskaya Oblast’",admin,1135000,1643360863
Newcastle,Newcastle,-32.8453,151.8150,Australia,AU,AUS,"New South Wales",,1134616,1036468001
Yulin,Yulin,22.6300,110.1500,China,CN,CHN,Guangxi,,1127000,1156901312
Namp’o,Namp'o,38.7669,125.4524,"Korea, North",KP,PRK,,admin,1127000,1408892768
Xianyang,Xianyang,34.3456,108.7147,China,CN,CHN,Shaanxi,minor,1126000,1156120117
"Cagayan de Oro","Cagayan de Oro",8.4508,124.6853,Philippines,PH,PHL,"Cagayan de Oro",admin,1121561,1608831546
"Cần Thơ","Can Tho",10.0500,105.7700,Vietnam,VN,VNM,"Cần Thơ",admin,1121000,1704783472
Barquisimeto,Barquisimeto,10.0500,-69.3000,Venezuela,VE,VEN,Lara,admin,1116000,1862860739
Helsinki,Helsinki,60.1756,24.9341,Finland,FI,FIN,Uusimaa,primary,1115000,1246177997
Kazan’,Kazan',55.7499,49.1263,Russia,RU,RUS,Tatarstan,admin,1115000,1643101260
Aurangābād,Aurangabad,19.8957,75.3203,India,IN,IND,Mahārāshtra,,1113000,1356840670
Calgary,Calgary,51.0830,-114.0800,Canada,CA,CAN,Alberta,,1110000,1124690423
"Ciudad Nezahualcóyotl","Ciudad Nezahualcoyotl",19.4100,-99.0300,Mexico,MX,MEX,México,,1109363,1484016661
Zürich,Zurich,47.3800,8.5500,Switzerland,CH,CHE,Zürich,admin,1108000,1756539143
Baoding,Baoding,38.8704,115.4800,China,CN,CHN,Hebei,,1107000,1156256829
Zigong,Zigong,29.4000,104.7800,China,CN,CHN,Sichuan,,1105000,1156023354
Sharjah,Sharjah,25.3714,55.4065,"United Arab Emirates",AE,ARE,"Ash Shāriqah",admin,1103027,1784152993
Yerevan,Yerevan,40.1812,44.5136,Armenia,AM,ARM,Yerevan,primary,1102000,1051074169
Mogadishu,Mogadishu,2.0667,45.3667,Somalia,SO,SOM,Banaadir,primary,1100000,1706893395
Tbilisi,Tbilisi,41.7250,44.7908,Georgia,GE,GEO,Tbilisi,primary,1100000,1268203191
Ankang,Ankang,32.6800,109.0200,China,CN,CHN,Shaanxi,,1100000,1156255711
Huambo,Huambo,-12.7500,15.7600,Angola,AO,AGO,Huambo,admin,1100000,1024079828
Ikare,Ikare,7.5304,5.7600,Nigeria,NG,NGA,Ondo,minor,1099931,1566683694
Belgrade,Belgrade,44.8186,20.4680,Serbia,RS,SRB,Beograd,primary,1099000,1688374696
"Salt Lake City","Salt Lake City",40.7774,-111.9300,"United States",US,USA,Utah,admin,1098400.0,1840021383
Bhilai,Bhilai,21.2167,81.4333,India,IN,IND,Chhattīsgarh,,1097000,1356071083
Jinhua,Jinhua,29.1200,119.6500,China,CN,CHN,Zhejiang,minor,1092852,1156547188
Chelyabinsk,Chelyabinsk,55.1550,61.4387,Russia,RU,RUS,"Chelyabinskaya Oblast’",admin,1091000,1643224011
